,lat,lon
1,39.768403,-86.158068
2,19.45409,-70.6922025
3,51.253775,-85.323214
4,39.9525839,-75.1652215
5,19.0414398,-98.2062727
6,38.3498195,-81.6326234
7,40.2677539,-74.5402506
8,43.7844397,-88.7878678
9,38.3498195,-81.6326234
10,38.882334,-77.1710914
11,33.7489954,-84.3879824
12,43.653226,-79.3831843
13,4.5350004,-75.6756888
14,40.6916132,-112.0010501
15,49.3199816,-123.0724139
16,41.2084278,-73.8912481
17,42.3600825,-71.0588801
18,38.9071923,-77.0368707
19,45.5016889,-73.567256
20,40.8447819,-73.8648268
21,44.5588028,-72.5778415
22,36.155263,-86.8140144
23,39.5500507,-105.7820674
24,51.253775,-85.323214
25,33.952602,-84.5499327
26,35.9131996,-79.0558445
27,17.0731842,-96.7265889
28,39.1031182,-84.5120196
29,44.977753,-93.2650108
30,39.8422093,-75.1969346
31,39.8422093,-75.1969346
32,21.161908,-86.8515279
33,18.4655394,-66.1057355
34,42.6525793,-73.7562317
35,40.8652865,-74.4173877
36,41.2375569,-80.8184166
37,43.7844397,-88.7878678
38,43.1759107,-72.0967507
39,51.253775,-85.323214
40,43.653226,-79.3831843
41,19.318154,-98.2374954
42,40.8652865,-74.4173877
43,43.653226,-79.3831843
44,45.4215296,-75.6971931
45,45.4215296,-75.6971931
46,39.0457549,-76.6412712
47,44.9537029,-93.0899578
48,40.5695474,-74.6329363
49,39.6837226,-75.7496572
50,44.977753,-93.2650108
51,40.0466571,-76.1783739
52,30.627977,-96.3344068
53,42.0333607,-88.0834059
54,26.9342246,-80.0942087
55,26.9342246,-80.0942087
56,34.8526176,-82.3940104
57,39.7392358,-104.990251
58,42.3600825,-71.0588801
59,43.2557206,-79.8711024
60,43.653226,-79.3831843
61,35.20105,-91.8318334
62,43.653226,-79.3831843
63,44.4758825,-73.212072
64,34.1954331,-79.7625625
65,40.1798165,-76.1788391
66,43.3700007,-80.9822286
67,48.4758208,-81.3304953
68,39.7392358,-104.990251
69,42.3600825,-71.0588801
70,39.2903848,-76.6121893
71,40.7127753,-74.0059728
72,34.9553719,-90.0348139
73,42.167019,-76.8205119
74,40.7127753,-74.0059728
75,44.766667,-79.333333
76,37.5407246,-77.4360481
77,44.0121221,-92.4801989
78,4.7109886,-74.072092
79,42.6525793,-73.7562317
80,45.6226605,-61.9928026
81,38.8816208,-77.0909809
82,36.1023715,-115.1745559
83,48.856614,2.3522219
84,42.3600825,-71.0588801
85,42.3736158,-71.1097335
86,59.3293235,18.0685808
87,40.7198073,-73.9962972
88,42.3600825,-71.0588801
89,46.3089891,-124.0432099
90,5.6037168,-0.1869644
91,39.1836082,-96.5716694
92,45.2500909,-74.1330862
93,33.9462125,-84.3346473
94,39.7392358,-104.990251
95,43.653226,-79.3831843
96,40.7607793,-111.8910474
97,39.5150576,-84.3982763
98,41.1014451,-81.441779
99,49.895136,-97.1383744
100,27.6648274,-81.5157535
101,35.5174913,-86.5804473
102,43.8975446,-78.9429329
103,39.2903848,-76.6121893
104,43.653226,-79.3831843
105,32.7092955,-96.0083018
106,44.3148443,-85.6023643
107,43.1435564,-93.3788108
108,19.4326077,-99.133208
109,44.2311717,-76.4859544
110,47.7510741,-120.7401385
111,40.1853352,-105.1035581
112,43.8561002,-79.3370188
113,51.253775,-85.323214
114,21.161908,-86.8515279
115,19.4326077,-99.133208
116,42.331427,-83.0457538
117,41.8500302,-87.9645077
118,39.0398315,-76.9930319
119,29.7604267,-95.3698028
120,38.9071923,-77.0368707
121,44.977753,-93.2650108
122,38.8386738,-84.8268925
123,20.6596988,-103.3496092
124,43.653226,-79.3831843
125,43.0895577,-79.0849436
126,39.0839973,-77.1527578
127,34.9495672,-81.9320482
128,35.4993031,-80.8486846
129,38.9536174,-94.7335709
130,38.5736176,-97.6744838
131,41.6528052,-83.5378674
132,34.7464809,-92.2895948
133,34.0686208,-117.9389526
134,38.9071923,-77.0368707
135,51.253775,-85.323214
136,18.4655394,-66.1057355
137,41.1099473,14.8475139
138,44.3893556,-79.6903316
139,19.5345279,-99.1907364
140,38.9071923,-77.0368707
141,38.9071923,-77.0368707
142,39.7392358,-104.990251
143,40.7234542,-95.0431997
144,19.0414398,-98.2062727
145,40.719283,-73.955995
146,41.2523634,-95.9979883
147,5.7348119,0.0302354
148,44.9537029,-93.0899578
149,42.3600825,-71.0588801
150,41.7434092,-92.7232456
151,18.9242095,-99.2215659
152,41.8781136,-87.6297982
153,38.984652,-77.0947092
154,40.6519679,-75.5742467
155,35.1427533,-120.6412827
156,40.8298006,-74.2401609
157,40.789142,-73.134961
158,38.9906657,-77.026088
159,38.9071923,-77.0368707
160,20.5279612,-100.8112885
161,33.1506744,-96.8236116
162,39.9611755,-82.9987942
163,19.4326077,-99.133208
164,43.0829453,-73.7867428
165,39.7392358,-104.990251
166,42.3600825,-71.0588801
167,18.220833,-66.590149
168,44.8831125,-68.6719411
169,-2.1709979,-79.9223592
170,19.4326077,-99.133208
171,37.7749295,-122.4194155
172,39.7606013,-86.5263879
173,40.4172871,-82.907123
174,30.4382559,-84.2807329
175,40.6781784,-73.9441579
176,40.6685393,-111.8723896
177,37.4337342,-122.4014193
178,40.4172871,-82.907123
179,38.9071923,-77.0368707
180,38.9071923,-77.0368707
181,55.755826,37.6172999
182,38.9071923,-77.0368707
183,38.9071923,-77.0368707
184,18.0110768,-66.6140616
185,37.7749295,-122.4194155
186,51.5070995,-0.1477681
187,41.308274,-72.9278835
188,40.7127753,-74.0059728
189,28.5383355,-81.3792365
190,40.1028264,-84.6330115
191,18.9242095,-99.2215659
192,40.7127753,-74.0059728
193,35.4380715,-88.6392483
194,40.7127753,-74.0059728
195,40.7127753,-74.0059728
196,32.9445682,-87.1386067
197,36.778261,-119.4179324
198,35.0077519,-97.092877
199,34.0522342,-118.2436849
200,33.7489954,-84.3879824
201,41.4819932,-81.7981908
202,41.8239891,-71.4128343
203,34.7464809,-92.2895948
204,39.9689532,-82.9376804
205,39.9611755,-82.9987942
206,53.4807593,-2.2426305
207,39.9403453,-82.0131924
208,39.0457549,-76.6412712
209,35.7795897,-78.6381787
210,10.5002633,-66.8850627
211,44.5130038,-79.8744836
212,39.9611755,-82.9987942
213,41.3308237,-94.0138393
214,35.1591307,-118.6284245
215,38.9071923,-77.0368707
216,39.445723,-123.8052935
217,21.1227621,-101.677883
218,46.5653163,-66.4619164
219,33.8648262,-84.4643744
220,-33.4488897,-70.6692655
221,19.4326077,-99.133208
222,32.7764749,-79.9310512
223,44.3148443,-85.6023643
224,18.9242095,-99.2215659
225,56.462018,-2.970721
226,31.9685988,-99.9018131
227,35.5174913,-86.5804473
228,40.7127753,-74.0059728
229,57.0488195,9.921747
230,55.6760968,12.5683372
231,29.3342457,47.9812152
232,7.2571325,5.2057909
233,33.7489954,-84.3879824
234,20.0910963,-98.7623874
235,35.4675602,-97.5164276
236,41.8781136,-87.6297982
237,41.5532208,-70.6085886
238,39.9611755,-82.9987942
239,40.3572976,-74.6672226
240,17.0731842,-96.7265889
241,40.7127753,-74.0059728
242,18.1747989,-93.070142
243,37.8271784,-122.2913078
244,-6.792354,39.2083284
245,38.9955067,-110.1623529
246,25.8195424,-80.3553302
247,38.9071923,-77.0368707
248,41.8781136,-87.6297982
249,51.253775,-85.323214
250,40.7759334,-74.6007142
251,40.4406248,-79.9958864
252,41.8781136,-87.6297982
253,42.3736158,-71.1097335
254,44.977753,-93.2650108
255,42.3600825,-71.0588801
256,40.7607793,-111.8910474
257,39.8406628,-77.5425986
258,41.8781136,-87.6297982
259,8.0882791,-63.5535552
260,38.9071923,-77.0368707
261,35.4675602,-97.5164276
262,45.4215296,-75.6971931
263,40.2588686,-103.6238367
264,40.7127753,-74.0059728
265,33.7489954,-84.3879824
266,38.677269,-87.5286325
267,39.1434406,-77.2013705
268,44.9537029,-93.0899578
269,30.2979843,-97.8019515
270,46.8796822,-110.3625658
271,44.3148443,-85.6023643
272,38.9071923,-77.0368707
273,36.9741171,-122.0307963
274,19.4326077,-99.133208
275,33.836081,-81.1637245
276,38.9071923,-77.0368707
277,40.7127753,-74.0059728
278,42.6334247,-71.3161718
279,41.1536674,-81.3578859
280,41.4925374,-99.9018131
281,43.8041334,-120.5542012
282,38.9071923,-77.0368707
283,34.3387802,-78.7030721
284,40.7127753,-74.0059728
285,18.1374242,-65.4816759
286,20.1010608,-98.7591311
287,36.778261,-119.4179324
288,32.6400541,-117.0841955
289,28.5383355,-81.3792365
290,37.7749295,-122.4194155
291,40.7933949,-77.8600012
292,25.6866142,-100.3161126
293,39.9525839,-75.1652215
294,39.0457549,-76.6412712
295,47.6587802,-117.4260465
296,33.7489954,-84.3879824
297,41.7798226,-71.4372796
298,34.0522342,-118.2436849
299,41.9983294,-92.1974065
300,33.4483771,-112.0740373
301,36.2942722,-82.4734787
302,43.0008093,-78.7889697
303,32.3182314,-86.902298
304,39.9625984,-76.727745
305,39.4142688,-77.4105409
306,34.2381251,-118.530123
307,33.7700504,-118.1937395
308,40.7607793,-111.8910474
309,40.6668916,-111.8879909
310,5.13151,-1.2794744
311,36.693687,-94.9630171
312,38.5779555,-122.9888319
313,-33.0153481,-71.5500276
314,18.9242095,-99.2215659
315,33.6446621,-117.8370968
316,41.6488226,-0.8890853
317,41.931696,-87.9889556
318,51.6465,0.614665
319,39.9611755,-82.9987942
320,18.0110768,-66.6140616
321,-41.1555281,175.6075114
322,38.9906657,-77.026088
323,32.0835407,-81.0998342
324,38.9071923,-77.0368707
325,37.0870821,-76.4730122
326,36.778261,-119.4179324
327,38.8462236,-77.3063733
328,39.7392358,-104.990251
329,41.8781136,-87.6297982
330,33.0145673,-97.0969552
331,19.4326077,-99.133208
332,51.7520209,-1.2577263
333,35.2270869,-80.8431267
334,44.3893556,-79.6903316
335,26.1224386,-80.1373174
336,40.7127753,-74.0059728
337,19.5429151,-155.6658568
338,38.7892801,-77.1872036
339,35.1495343,-90.0489801
340,43.4897584,-71.5822837
341,36.778261,-119.4179324
342,18.9242095,-99.2215659
343,43.0730517,-89.4012302
344,43.7844397,-88.7878678
345,43.0389025,-87.9064736
346,18.9242095,-99.2215659
347,27.6648274,-81.5157535
348,36.4111641,-93.7426091
349,33.7489954,-84.3879824
350,35.0853336,-106.6055534
351,44.3893556,-79.6903316
352,18.6813049,-99.1013498
353,36.778261,-119.4179324
354,32.9091718,-105.9478286
355,40.7127753,-74.0059728
356,43.0730517,-89.4012302
357,18.9242095,-99.2215659
358,39.9611755,-82.9987942
359,39.9611755,-82.9987942
360,39.9567548,-86.01335
361,18.9242095,-99.2215659
362,40.7607793,-111.8910474
363,20.0708947,-98.6960424
364,38.2526647,-85.7584557
365,41.1595005,-81.4403898
366,39.9525839,-75.1652215
367,18.6813049,-99.1013498
368,14.9055599,-92.2634206
369,43.0730517,-89.4012302
370,44.2619309,-88.4153847
371,43.8243118,-79.3462036
372,41.6528052,-83.5378674
373,18.9242095,-99.2215659
374,19.4356338,-99.1495107
375,38.9716689,-95.2352501
376,27.950575,-82.4571776
377,43.7844397,-88.7878678
378,19.0427623,-98.1974324
379,38.9071923,-77.0368707
380,41.8781136,-87.6297982
381,39.0997265,-94.5785667
382,43.8791358,-90.1654067
383,38.984652,-77.0947092
384,18.6813049,-99.1013498
385,19.0732236,72.9086129
386,59.3293235,18.0685808
387,38.8816208,-77.0909809
388,33.7489954,-84.3879824
389,40.7830603,-73.9712488
390,20.0708947,-98.6960424
391,40.7127753,-74.0059728
392,38.9536174,-94.7335709
393,17.989456,-92.9475061
394,42.3600825,-71.0588801
395,38.8984804,-77.0061218
396,38.984652,-77.0947092
397,27.6648274,-81.5157535
398,20.1010608,-98.7591311
399,18.4655394,-66.1057355
400,20.1010608,-98.7591311
401,20.0910963,-98.7623874
402,18.3615548,-66.1110682
403,43.5448048,-80.2481666
404,43.5448048,-80.2481666
405,18.1551337,-65.8203943
406,41.6005448,-93.6091064
407,35.9940329,-78.898619
408,31.9685988,-99.9018131
409,36.1626638,-86.7816016
410,7.8890971,-72.4966896
411,40.6781784,-73.9441579
412,25.7616798,-80.1917902
413,37.3382082,-121.8863286
414,40.7127753,-74.0059728
415,40.0583238,-74.4056612
416,40.7127753,-74.0059728
417,42.8864468,-78.8783689
418,42.6960659,-82.7994194
419,20.6719563,-103.416501
420,32.4609764,-84.9877094
421,10.9970723,-63.9113296
422,39.8289369,-84.8902382
423,40.6747887,-79.9895022
424,52.205337,0.121817
425,43.661471,-70.2553259
426,45.253783,-69.4454689
427,20.1155111,-98.8831506
428,42.4072107,-71.3824374
429,43.0789942,-77.5275463
430,41.6032207,-73.087749
431,33.7748275,-84.2963123
432,41.2392227,-81.3459405
433,51.253775,-85.323214
434,29.7604267,-95.3698028
435,35.9798734,-78.5097228
436,41.308274,-72.9278835
437,28.0836269,-80.6081089
438,51.8968917,-8.4863157
439,51.5073509,-0.1277583
440,18.0110768,-66.6140616
441,38.8026097,-116.419389
442,3.139003,101.686855
443,26.1224386,-80.1373174
444,33.6594835,-117.9988026
445,27.6648274,-81.5157535
446,27.7428134,-82.7504542
447,31.9685988,-99.9018131
448,39.7253276,-89.9106632
449,40.7830603,-73.9712488
450,41.8781136,-87.6297982
451,51.0486151,-114.0708459
452,38.9071923,-77.0368707
453,47.6062095,-122.3320708
454,44.4488805,-88.0603806
455,45.4186218,-75.7025628
456,40.2731911,-76.8867008
457,37.7749295,-122.4194155
458,33.4483771,-112.0740373
459,41.8781136,-87.6297982
460,39.0457549,-76.6412712
461,38.8026097,-116.419389
462,35.1495343,-90.0489801
463,34.2163937,-119.0376023
464,27.8428025,-82.6995443
465,44.3148443,-85.6023643
466,46.8138783,-71.2079809
467,38.8467082,-91.9479586
468,51.253775,-85.323214
469,34.0151366,71.5249154
470,38.0405837,-84.5037164
471,41.4036007,-95.0138776
472,51.537142,-0.1927892
473,34.0489281,-111.0937311
474,43.661471,-70.2553259
475,47.6062095,-122.3320708
476,19.318154,-98.2374954
477,17.0542297,-96.7132304
478,35.9940329,-78.898619
479,27.6648274,-81.5157535
480,44.7630567,-85.6206317
481,31.9685988,-99.9018131
482,27.2730492,-80.3582261
483,39.0169509,-94.2816148
484,53.544389,-113.4909267
485,44.9537029,-93.0899578
486,40.4406248,-79.9958864
487,34.728002,-99.8412125
488,44.9374831,-93.2009998
489,19.4326077,-99.133208
490,33.4483771,-112.0740373
491,38.9071923,-77.0368707
492,35.7595731,-79.0192997
493,18.220833,-66.590149
494,37.9642529,-91.8318334
495,26.2034071,-98.2300124
496,42.4999942,-96.4003069
497,40.7281575,-74.0776417
498,27.6648274,-81.5157535
499,35.7795897,-78.6381787
500,42.4072107,-71.3824374
501,39.2903848,-76.6121893
502,38.9071923,-77.0368707
503,38.9071923,-77.0368707
504,29.7604267,-95.3698028
505,33.7489954,-84.3879824
506,10.349223,-67.0345443
507,37.8393332,-84.2700179
508,29.831134,-81.3235459
509,32.3182314,-86.902298
510,36.778261,-119.4179324
511,41.5933696,-87.3464271
512,33.7489954,-84.3879824
513,39.011902,-98.4842465
514,38.9071923,-77.0368707
515,55.953252,-3.188267
516,44.3148443,-85.6023643
517,19.4326077,-99.133208
518,43.7764258,-79.2317521
519,42.9011711,-78.2566834
520,34.9203946,-82.2962268
521,33.7489954,-84.3879824
522,19.318154,-98.2374954
523,32.3909071,-110.966488
524,61.2180556,-149.9002778
525,38.5449065,-121.7405167
526,40.7282239,-73.7948516
527,44.0324787,-70.9731602
528,33.4483771,-112.0740373
529,35.7595731,-79.0192997
530,32.1656221,-82.9000751
531,38.9071923,-77.0368707
532,19.4356338,-99.1495107
533,43.5320995,-80.2268613
534,18.4655394,-66.1057355
535,42.3149367,-83.0363633
536,18.220833,-66.590149
537,18.220833,-66.590149
538,27.8617347,-81.6911559
539,39.7392358,-104.990251
540,18.4655394,-66.1057355
541,43.5890452,-79.6441198
542,40.7127753,-74.0059728
543,18.3615548,-66.1110682
544,42.3600825,-71.0588801
545,45.4215296,-75.6971931
546,37.5407246,-77.4360481
547,43.5448048,-80.2481666
548,39.9611755,-82.9987942
549,27.6648274,-81.5157535
550,45.5369442,-73.5107131
551,42.3600825,-71.0588801
552,3.4516467,-76.5319854
553,19.318154,-98.2374954
554,38.423734,27.142826
555,20.5888184,-100.3898876
556,18.433005,-66.4758583
557,18.0110768,-66.6140616
558,32.1656221,-82.9000751
559,38.8816208,-77.0909809
560,43.6375818,-94.1023906
561,42.3600825,-71.0588801
562,41.8781136,-87.6297982
563,40.4128551,-74.307282
564,18.5204303,73.8567437
565,33.7489954,-84.3879824
566,36.778261,-119.4179324
567,19.7059504,-101.1949825
568,35.9131996,-79.0558445
569,43.0962143,-79.0377388
570,22.2331041,-97.861099
571,20.1010608,-98.7591311
572,53.544389,-113.4909267
573,43.653226,-79.3831843
574,20.6596988,-103.3496092
575,43.5448048,-80.2481666
576,35.9131996,-79.0558445
577,51.5073509,-0.1277583
578,42.5847425,-87.8211854
579,40.6331249,-89.3985283
580,43.5448048,-80.2481666
581,40.7127753,-74.0059728
582,43.5448048,-80.2481666
583,38.9071923,-77.0368707
584,20.6596988,-103.3496092
585,19.318154,-98.2374954
586,19.0414398,-98.2062727
587,45.6769979,-111.0429339
588,40.7756184,-77.7924992
589,19.7059504,-101.1949825
590,41.7203492,-72.6239953
591,41.5623209,-72.6506488
592,43.0581645,-79.2902133
593,18.220833,-66.590149
594,45.4215296,-75.6971931
595,18.2387995,-66.035249
596,38.9071923,-77.0368707
597,43.653226,-79.3831843
598,40.2731911,-76.8867008
599,40.8447819,-73.8648268
600,40.4406248,-79.9958864
601,41.7055716,-86.2353388
602,44.801485,10.3279036
603,20.5888184,-100.3898876
604,27.6648274,-81.5157535
605,40.7989473,-81.378447
606,-1.2920659,36.8219462
607,62.4113634,-149.0729714
608,52.0406224,-0.7594171
609,32.2732024,-89.9859158
610,17.0731842,-96.7265889
611,43.653226,-79.3831843
612,40.3025907,-74.511172
613,-25.7478676,28.2292712
614,44.3893556,-79.6903316
615,38.9071923,-77.0368707
616,51.253775,-85.323214
617,-33.9248685,18.4240553
618,43.1938516,-71.5723953
619,11.2403547,-74.2110227
620,46.729553,-94.6858998
621,37.2707022,-76.7074571
622,29.7604267,-95.3698028
623,41.8781136,-87.6297982
624,40.6331249,-89.3985283
625,32.3199396,-106.7636538
626,38.9071923,-77.0368707
627,6.1696109,-75.5873636
628,19.4420724,-96.9547401
629,19.4326077,-99.133208
630,20.0910963,-98.7623874
631,38.9517053,-92.3340724
632,42.974536,-82.4065901
633,19.7059504,-101.1949825
634,26.1003654,-80.3997748
635,34.0489281,-111.0937311
636,18.4665063,-97.4003801
637,19.7059504,-101.1949825
638,19.0414398,-98.2062727
639,37.5407246,-77.4360481
640,19.4326077,-99.133208
641,44.5836295,-79.8660747
642,18.3615548,-66.1110682
643,44.3893556,-79.6903316
644,43.0730517,-89.4012302
645,19.7514798,75.7138884
646,41.6005448,-93.6091064
647,19.4326077,-99.133208
648,18.220833,-66.590149
649,19.0414398,-98.2062727
650,18.4655394,-66.1057355
651,19.4326077,-99.133208
652,43.1435564,-93.3788108
653,43.653226,-79.3831843
654,30.3321838,-81.655651
655,38.9071923,-77.0368707
656,42.6525793,-73.7562317
657,40.7933949,-77.8600012
658,44.3893556,-79.6903316
659,41.0317637,-74.1020866
660,41.8781136,-87.6297982
661,37.568694,-84.2963223
662,38.966673,-94.6169012
663,22.1564699,-100.9855409
664,44.5007687,-80.2169047
665,43.7844397,-88.7878678
666,45.897903,-64.3682804
667,41.8397865,-87.9535534
668,43.653226,-79.3831843
669,40.6214551,-79.1525349
670,-9.9298454,-76.2432653
671,39.7294319,-104.8319195
672,40.7607793,-111.8910474
673,35.1982836,-111.651302
674,38.9071923,-77.0368707
675,39.7392358,-104.990251
676,39.1836082,-96.5716694
677,35.1982836,-111.651302
678,40.9256538,-73.1409429
679,44.3893556,-79.6903316
680,19.173773,-96.1342241
681,44.5007687,-80.2169047
682,40.7127753,-74.0059728
683,36.1023715,-115.1745559
684,40.615537,-80.2621852
685,46.729553,-94.6858998
686,40.7127753,-74.0059728
687,19.7059504,-101.1949825
688,20.5888184,-100.3898876
689,42.3600825,-71.0588801
690,38.9784453,-76.4921829
691,35.9131996,-79.0558445
692,19.7059504,-101.1949825
693,40.7127753,-74.0059728
694,19.0414398,-98.2062727
695,42.3875968,-71.0994968
696,42.4716853,-88.432318
697,38.9071923,-77.0368707
698,36.1023715,-115.1745559
699,40.7127753,-74.0059728
700,44.9374831,-93.2009998
701,39.0169509,-94.2816148
702,41.1543623,-95.9145568
703,41.04422,-83.6499321
704,37.7527982,-100.0170787
705,39.0457549,-76.6412712
706,41.127833,-81.609844
707,18.4655394,-66.1057355
708,41.8781136,-87.6297982
709,21.1250077,-101.6859605
710,39.9525839,-75.1652215
711,38.8048355,-77.0469214
712,39.2903848,-76.6121893
713,30.627977,-96.3344068
714,38.8108408,-94.9271868
715,42.325578,-87.8411818
716,41.4819932,-81.7981908
717,18.220833,-66.590149
718,40.2653681,-76.7083033
719,41.8781136,-87.6297982
720,47.6062095,-122.3320708
721,38.9071923,-77.0368707
722,53.9332706,-116.5765035
723,43.653226,-79.3831843
724,36.8348383,-81.5148368
725,18.4274454,-67.1540698
726,44.919643,-79.3741834
727,38.9071923,-77.0368707
728,45.5230622,-122.6764815
729,32.7554883,-97.3307658
730,10.4805937,-66.9036063
731,39.9525839,-75.1652215
732,41.3392232,-80.1050604
733,39.0839973,-77.1527578
734,42.9633599,-85.6680863
735,29.6516344,-82.3248262
736,44.977753,-93.2650108
737,55.070859,-3.60512
738,22.1564699,-100.9855409
739,-40.5761897,-73.1149469
740,38.9071923,-77.0368707
741,-34.45,150.45
742,43.0389025,-87.9064736
743,42.8336205,-88.7323272
744,42.9849233,-81.2452768
745,52.0406224,-0.7594171
746,41.8781136,-87.6297982
747,41.1579438,-8.6291053
748,-37.8136276,144.9630576
749,20.1010608,-98.7591311
750,40.4172871,-82.907123
751,40.0149856,-105.2705456
752,33.7489954,-84.3879824
753,45.5230622,-122.6764815
754,41.2033216,-77.1945247
755,51.5073509,-0.1277583
756,18.4655394,-66.1057355
757,35.20105,-91.8318334
758,27.6648274,-81.5157535
759,35.108493,-77.0441143
760,53.496115,-2.518727
761,40.4406248,-79.9958864
762,44.0805434,-103.2310149
763,19.0414398,-98.2062727
764,19.9476711,-103.7607783
765,22.1564699,-100.9855409
766,40.7127753,-74.0059728
767,33.7489954,-84.3879824
768,29.7604267,-95.3698028
769,35.108493,-77.0441143
770,22.0025712,-99.0018424
771,39.6417629,-77.7199932
772,43.2557206,-79.8711024
773,22.1564699,-100.9855409
774,22.1564699,-100.9855409
775,18.444247,-66.6464068
776,40.9008923,-80.8567501
777,20.5887932,-100.3898881
778,38.9071923,-77.0368707
779,22.1564699,-100.9855409
780,20.6596988,-103.3496092
781,30.9842977,-91.9623327
782,20.2865414,-98.6689034
783,44.5571093,-70.5433579
784,46.729553,-94.6858998
785,46.729553,-94.6858998
786,40.96342,-76.6127329
787,40.7598227,-74.417097
788,19.4326077,-99.133208
789,45.4215296,-75.6971931
790,44.9211836,-93.4687489
791,30.8406338,-115.2837585
792,28.182893,-82.3641751
793,35.9606384,-83.9207392
794,40.7127753,-74.0059728
795,41.4925374,-99.9018131
796,41.308274,-72.9278835
797,20.6596988,-103.3496092
798,36.778261,-119.4179324
799,31.9685988,-99.9018131
800,19.0414398,-98.2062727
801,39.0997265,-94.5785667
802,18.389396,-66.1653224
803,40.7127753,-74.0059728
804,18.4655394,-66.1057355
805,38.9071923,-77.0368707
806,34.483901,-114.3224548
807,39.977763,-105.1319296
808,40.4862157,-74.4518188
809,18.220833,-66.590149
810,43.9695148,-99.9018131
811,19.7059504,-101.1949825
812,41.8781136,-87.6297982
813,36.0726354,-79.7919754
814,39.9525839,-75.1652215
815,28.1511243,-82.4614831
816,47.7510741,-120.7401385
817,40.0583238,-74.4056612
818,48.954408,-54.6103488
819,21.161908,-86.8515279
820,44.6487635,-63.5752387
821,44.977753,-93.2650108
822,44.3148443,-85.6023643
823,45.3349046,-75.7241006
824,36.0678324,-94.1736551
825,50.82253,-0.137163
826,36.3955891,-97.8783911
827,39.1370528,-76.6983022
828,37.0870821,-76.4730122
829,44.977753,-93.2650108
830,35.20105,-91.8318334
831,34.7464809,-92.2895948
832,20.653407,-105.2253316
833,39.1031182,-84.5120196
834,52.9399159,-73.5491361
835,43.653226,-79.3831843
836,25.6866142,-100.3161126
837,40.4172871,-82.907123
838,45.4895636,-73.8205567
839,39.0997265,-94.5785667
840,40.4406248,-79.9958864
841,45.5776091,-62.6510943
842,43.3255196,-79.7990319
843,43.9593373,-78.1677363
844,29.6516344,-82.3248262
845,40.6331249,-89.3985283
846,43.653226,-79.3831843
847,39.9611755,-82.9987942
848,26.8233946,-80.1386547
849,43.0730517,-89.4012302
850,35.0853336,-106.6055534
851,38.9071923,-77.0368707
852,35.2225668,-97.4394777
853,36.082156,-94.1718542
854,17.989456,-92.9475061
855,40.9503131,-74.6327236
856,38.4192496,-82.445154
857,22.0025712,-99.0018424
858,-0.1806532,-78.4678382
859,42.3600825,-71.0588801
860,30.9842977,-91.9623327
861,39.9525839,-75.1652215
862,43.432922,-80.097349
863,18.3789857,-65.7206559
864,31.9685988,-99.9018131
865,37.5407246,-77.4360481
866,40.4167754,-3.7037902
867,8.5698244,-71.1804988
868,38.9822282,-94.6707917
869,39.0997265,-94.5785667
870,43.653226,-79.3831843
871,10.6544509,-71.7147951
872,55.6760968,12.5683372
873,33.7489954,-84.3879824
874,39.9525839,-75.1652215
875,27.950575,-82.4571776
876,20.0910963,-98.7623874
877,40.2671941,-86.1349019
878,40.4172871,-82.907123
879,39.957902,-75.3076883
880,35.0456297,-85.3096801
881,40.7127753,-74.0059728
882,27.6648274,-81.5157535
883,39.9525839,-75.1652215
884,38.6270025,-90.1994042
885,44.3893556,-79.6903316
886,39.7392358,-104.990251
887,33.4255104,-111.9400054
888,31.9685988,-99.9018131
889,40.7434064,-111.9880199
890,35.1495343,-90.0489801
891,35.20105,-91.8318334
892,27.6648274,-81.5157535
893,33.5206608,-86.80249
894,31.2303904,121.4737021
895,35.7595731,-79.0192997
896,35.2270869,-80.8431267
897,40.6331249,-89.3985283
898,40.7127753,-74.0059728
899,42.3600825,-71.0588801
900,39.768403,-86.158068
901,38.5200504,-89.9839935
902,40.9263957,-98.3420118
903,41.308274,-72.9278835
904,34.0522342,-118.2436849
905,33.2856687,-86.8099885
906,28.0088452,-82.3021568
907,29.7604267,-95.3698028
908,41.6717648,-72.9492703
909,40.7607793,-111.8910474
910,30.267153,-97.7430608
911,38.9071923,-77.0368707
912,46.729553,-94.6858998
913,43.0389025,-87.9064736
914,40.5011794,-79.8392158
915,37.7749295,-122.4194155
916,35.7595731,-79.0192997
917,40.5852602,-105.084423
918,35.7595731,-79.0192997
919,42.4999942,-96.4003069
920,42.4999942,-96.4003069
921,30.9842977,-91.9623327
922,42.9317335,-76.5660529
923,40.7127753,-74.0059728
924,19.0414398,-98.2062727
925,48.0400945,-122.406257
926,-33.0153481,-71.5500276
927,25.7616798,-80.1917902
928,27.950575,-82.4571776
929,40.2203907,-74.0120817
930,40.8447819,-73.8648268
931,25.7616798,-80.1917902
932,42.46059,-83.6516063
933,22.1564699,-100.9855409
934,33.7489954,-84.3879824
935,39.7674578,-94.846681
936,10.4805937,-66.9036063
937,22.1564699,-100.9855409
938,43.653226,-79.3831843
939,39.768403,-86.158068
940,19.487759,-70.6157308
941,10.6544509,-71.7147951
942,42.3736158,-71.1097335
943,41.308274,-72.9278835
944,42.3600825,-71.0588801
945,32.7766642,-96.7969879
946,32.3998025,-117.0660409
947,18.3401514,-67.2499459
948,41.2523634,-95.9979883
949,19.0414398,-98.2062727
950,45.5016889,-73.567256
951,29.3013479,-94.7976958
952,29.6516344,-82.3248262
953,47.4473204,-122.4598502
954,51.253775,-85.323214
955,29.6516344,-82.3248262
956,35.7795897,-78.6381787
957,33.7489954,-84.3879824
958,29.6516344,-82.3248262
959,38.6270025,-90.1994042
960,43.0730517,-89.4012302
961,29.6516344,-82.3248262
962,38.8108408,-94.9271868
963,25.7616798,-80.1917902
964,35.9131996,-79.0558445
965,40.3025907,-74.511172
966,10.0677719,-69.3473509
967,19.318154,-98.2374954
968,44.2619309,-88.4153847
969,36.7944045,-76.2170609
970,40.4258686,-86.9080655
971,40.6781784,-73.9441579
972,39.8422093,-75.1969346
973,38.902984,-76.9364691
974,19.4326077,-99.133208
975,42.3600825,-71.0588801
976,45.4215296,-75.6971931
977,40.4862157,-74.4518188
978,40.6781784,-73.9441579
979,41.079273,-85.1393513
980,52.205337,0.121817
981,39.9525839,-75.1652215
982,37.9642529,-91.8318334
983,40.6781784,-73.9441579
984,37.5442706,-4.7277528
985,44.9537029,-93.0899578
986,28.0836269,-80.6081089
987,41.04422,-83.6499321
988,38.9071923,-77.0368707
989,36.778261,-119.4179324
990,43.0730517,-89.4012302
991,41.6032207,-73.087749
992,43.7844397,-88.7878678
993,34.0522342,-118.2436849
994,44.0121221,-92.4801989
995,35.2270869,-80.8431267
996,33.4483771,-112.0740373
997,52.3702157,4.8951679
998,42.6525793,-73.7562317
999,-6.17511,106.8650395
1000,39.9525839,-75.1652215
1001,59.3293235,18.0685808
1002,35.8456213,-86.39027
1003,33.7489954,-84.3879824
1004,36.778261,-119.4179324
1005,38.9906657,-77.026088
1006,19.4791963,-70.6930568
1007,36.1626638,-86.7816016
1008,27.950575,-82.4571776
1009,43.0481221,-76.1474244
1010,33.7489954,-84.3879824
1011,52.9399159,-73.5491361
1012,38.9071923,-77.0368707
1013,40.7127753,-74.0059728
1014,40.2398118,-76.9199742
1015,41.0534302,-73.5387341
1016,44.3148443,-85.6023643
1017,27.3364347,-82.5306527
1018,41.49932,-81.6943605
1019,32.1656221,-82.9000751
1020,40.7250986,-73.2453946
1021,39.768403,-86.158068
1022,43.653226,-79.3831843
1023,17.9774659,-66.297946
1024,41.0339862,-73.7629097
1025,40.4172871,-82.907123
1026,33.7489954,-84.3879824
1027,38.723303,-77.5367043
1028,51.9244201,4.4777326
1029,37.5814095,-101.3551696
1030,10.4805937,-66.9036063
1031,45.4215296,-75.6971931
1032,18.3882823,-66.2482237
1033,27.6648274,-81.5157535
1034,36.778261,-119.4179324
1035,21.1250077,-101.6859605
1036,40.6781784,-73.9441579
1037,25.9397412,-81.7075355
1038,35.7595731,-79.0192997
1039,40.446495,-74.3859831
1040,43.0386053,-98.1842432
1041,42.5348993,-92.4453161
1042,38.6270025,-90.1994042
1043,39.834165,-96.0641676
1044,39.0558235,-95.6890185
1045,41.2523634,-95.9979883
1046,39.7392358,-104.990251
1047,19.2790911,-99.2114234
1048,38.9071923,-77.0368707
1049,41.0814447,-81.5190053
1050,40.7830603,-73.9712488
1051,42.5005583,-90.6645718
1052,38.9071923,-77.0368707
1053,43.0730517,-89.4012302
1054,40.2731911,-76.8867008
1055,52.205337,0.121817
1056,40.4406248,-79.9958864
1057,44.2311717,-76.4859544
1058,44.2311717,-76.4859544
1059,24.7135517,46.6752957
1060,42.3600825,-71.0588801
1061,41.5322592,-87.2550353
1062,42.4072107,-71.3824374
1063,18.0799616,-66.3579473
1064,40.163891,-95.9445866
1065,39.2903848,-76.6121893
1066,22.2236111,-159.4852778
1067,40.6367682,-74.90989
1068,38.9071923,-77.0368707
1069,37.2089572,-93.2922989
1070,14.0722751,-87.192136
1071,39.2903848,-76.6121893
1072,40.9900326,-88.7292337
1073,43.0125274,-83.6874562
1074,43.5890452,-79.6441198
1075,13.9259486,-89.8411382
1076,39.2903848,-76.6121893
1077,36.0998596,-80.244216
1078,43.7315479,-79.7624177
1079,40.7127753,-74.0059728
1080,44.3148443,-85.6023643
1081,47.7510741,-120.7401385
1082,44.9537029,-93.0899578
1083,45.4215296,-75.6971931
1084,35.7595731,-79.0192997
1085,39.768403,-86.158068
1086,30.7210227,-86.1152184
1087,36.0103561,-84.2696449
1088,33.7489954,-84.3879824
1089,38.9071923,-77.0368707
1090,27.6648274,-81.5157535
1091,39.1031182,-84.5120196
1092,40.2731911,-76.8867008
1093,41.3844964,-83.3204807
1094,38.9906657,-77.026088
1095,39.6136578,-86.1066526
1096,45.7832856,-108.5006904
1097,41.2033216,-77.1945247
1098,40.2142565,-77.0085876
1099,38.9071923,-77.0368707
1100,43.653226,-79.3831843
1101,40.0583238,-74.4056612
1102,31.9685988,-99.9018131
1103,43.653226,-79.3831843
1104,36.778261,-119.4179324
1105,14.7924897,-89.5450458
1106,19.0414398,-98.2062727
1107,35.9940329,-78.898619
1108,43.653226,-79.3831843
1109,20.6596988,-103.3496092
1110,19.4326077,-99.133208
1111,45.5016889,-73.567256
1112,41.2523634,-95.9979883
1113,40.9125992,-73.8370786
1114,38.9071923,-77.0368707
1115,26.6167555,-80.0684479
1116,39.0839973,-77.1527578
1117,42.1428521,-77.0546903
1118,27.950575,-82.4571776
1119,40.6781784,-73.9441579
1120,41.4958665,-87.8486613
1121,39.9525839,-75.1652215
1122,37.0842271,-94.513281
1123,39.2103186,-92.1379539
1124,32.715738,-117.1610838
1125,34.2163937,-119.0376023
1126,38.9071923,-77.0368707
1127,39.0997265,-94.5785667
1128,40.7127753,-74.0059728
1129,20.5888184,-100.3898876
1130,45.4215296,-75.6971931
1131,19.0414398,-98.2062727
1132,39.0558235,-95.6890185
1133,39.9652553,-74.3118212
1134,39.0997265,-94.5785667
1135,45.4215296,-75.6971931
1136,42.974536,-82.4065901
1137,39.1031182,-84.5120196
1138,20.5888184,-100.3898876
1139,38.9071923,-77.0368707
1140,38.6367162,-90.0256606
1141,45.4642035,9.189982
1142,30.4582829,-91.1403196
1143,-23.4209995,-51.9330558
1144,43.7315479,-79.7624177
1145,43.4066375,-89.9253233
1146,40.7127753,-74.0059728
1147,40.2671941,-86.1349019
1148,16.7516009,-93.1029939
1149,-22.9068467,-43.1728965
1150,37.9838096,23.7275388
1151,51.253775,-85.323214
1152,40.7607793,-111.8910474
1153,40.7127753,-74.0059728
1154,34.0522342,-118.2436849
1155,43.6375818,-94.1023906
1156,19.4326077,-99.133208
1157,45.4215296,-75.6971931
1158,40.6331249,-89.3985283
1159,27.6648274,-81.5157535
1160,-30.076706,-50.1644281
1161,18.1757914,-66.1612779
1162,40.7127753,-74.0059728
1163,41.8781136,-87.6297982
1164,20.6596988,-103.3496092
1165,39.0997265,-94.5785667
1166,7.0723921,-73.1069693
1167,19.0414398,-98.2062727
1168,19.0414398,-98.2062727
1169,21.8852562,-102.2915677
1170,41.5236437,-90.5776367
1171,45.4215296,-75.6971931
1172,43.653226,-79.3831843
1173,18.4665063,-97.4003801
1174,42.8975076,-77.6192447
1175,40.4172871,-82.907123
1176,42.4894801,-83.1446485
1177,28.669997,-81.2081203
1178,20.6596988,-103.3496092
1179,39.1031182,-84.5120196
1180,-32.9442426,-60.6505388
1181,44.0121221,-92.4801989
1182,38.2526647,-85.7584557
1183,18.2387995,-66.035249
1184,51.253775,-85.323214
1185,44.5971767,-79.566736
1186,42.2942045,-83.3099303
1187,39.6283928,-84.1593818
1188,18.6813049,-99.1013498
1189,40.742551,-84.1052256
1190,22.1565651,-100.9854628
1191,37.9642529,-91.8318334
1192,10.4805937,-66.9036063
1193,20.5888184,-100.3898876
1194,21.1250077,-101.6859605
1195,40.735657,-74.1723667
1196,2.993518,101.7874058
1197,51.253775,-85.323214
1198,17.0731842,-96.7265889
1199,44.811349,-91.4984941
1200,41.5770433,-73.4085463
1201,45.2166751,-85.0139419
1202,14.783886,-88.7782541
1203,38.9071923,-77.0368707
1204,20.0910963,-98.7623874
1205,20.0368036,-98.3170569
1206,35.5950581,-82.5514869
1207,42.3600825,-71.0588801
1208,46.0878165,-64.7782313
1209,45.9635895,-66.6431151
1210,41.8781136,-87.6297982
1211,32.3182314,-86.902298
1212,55.3443871,-131.6522615
1213,33.7489954,-84.3879824
1214,38.554686,-121.454639
1215,19.4630841,-99.245302
1216,42.8706048,-71.9516746
1217,39.1547426,-77.2405153
1218,41.8385964,-94.1071797
1219,42.3736158,-71.1097335
1220,34.2978794,-83.8240663
1221,46.5136494,-84.3357526
1222,38.5911751,-76.9423672
1223,40.6331249,-89.3985283
1224,38.9531162,-77.4565388
1225,41.6611277,-91.5301683
1226,39.849557,-75.3557457
1227,39.0558235,-95.6890185
1228,39.768403,-86.158068
1229,41.8239203,-87.8517253
1230,39.3677802,-94.3621703
1231,38.9012225,-77.2652604
1232,18.3803255,-65.9626213
1233,38.9071923,-77.0368707
1234,40.2671941,-86.1349019
1235,42.7875235,-86.1089301
1236,42.3600825,-71.0588801
1237,20.68964,-88.2022488
1238,40.7127753,-74.0059728
1239,18.4655394,-66.1057355
1240,29.9716905,-95.6937856
1241,40.8517746,14.2681244
1242,40.7830603,-73.9712488
1243,52.9399159,-73.5491361
1244,20.1010608,-98.7591311
1245,40.7127753,-74.0059728
1246,38.984652,-77.0947092
1247,41.2033216,-77.1945247
1248,37.424106,-122.1660756
1249,28.5999998,-81.3392352
1250,40.7127753,-74.0059728
1251,40.7127753,-74.0059728
1252,42.0853204,-83.6824384
1253,26.271192,-80.2706044
1254,40.6010681,-75.4751457
1255,33.526849,-84.2399604
1256,38.9071923,-77.0368707
1257,39.3176186,-94.479976
1258,39.2461138,-94.4191177
1259,44.0121221,-92.4801989
1260,4.7109886,-74.072092
1261,40.6084305,-75.4901833
1262,42.9849233,-81.2452768
1263,18.9055288,-97.0007976
1264,26.1224386,-80.1373174
1265,51.253775,-85.323214
1266,18.3257869,-65.6523838
1267,41.0082376,28.9783589
1268,38.9071923,-77.0368707
1269,25.7616798,-80.1917902
1270,40.3933956,-82.4857181
1271,20.1010608,-98.7591311
1272,44.519159,-88.019826
1273,35.7595731,-79.0192997
1274,20.6988492,-103.4641827
1275,44.2163337,-73.5904478
1276,38.984652,-77.0947092
1277,45.4215296,-75.6971931
1278,18.220833,-66.590149
1279,38.2526647,-85.7584557
1280,42.4072107,-71.3824374
1281,40.4642335,-80.6009058
1282,28.5689135,77.1722409
1283,44.0121221,-92.4801989
1284,38.9071923,-77.0368707
1285,40.1053196,-85.6802541
1286,39.9611755,-82.9987942
1287,35.7795897,-78.6381787
1288,35.7795897,-78.6381787
1289,35.8991678,-78.8636402
1290,32.17778,-80.728854
1291,38.9071923,-77.0368707
1292,40.7127753,-74.0059728
1293,40.6084305,-75.4901833
1294,40.8611755,-79.8953328
1295,39.9525839,-75.1652215
1296,38.984652,-77.0947092
1297,42.3600825,-71.0588801
1298,18.220833,-66.590149
1299,35.8991678,-78.8636402
1300,36.1626638,-86.7816016
1301,43.5445959,-96.7311034
1302,33.7489954,-84.3879824
1303,41.2033216,-77.1945247
1304,39.2903848,-76.6121893
1305,35.7876515,-78.4805563
1306,52.6680204,-8.6304976
1307,-33.8688197,151.2092955
1308,51.253775,-85.323214
1309,55.864237,-4.251806
1310,46.0569465,14.5057515
1311,48.856614,2.3522219
1312,36.778261,-119.4179324
1313,52.336916,-6.4633381
1314,37.7749295,-122.4194155
1315,41.8781136,-87.6297982
1316,38.1156879,13.3612671
1317,53.3498053,-6.2603097
1318,46.729553,-94.6858998
1319,42.0333623,-87.8833991
1320,56.5010397,84.9924506
1321,19.7059504,-101.1949825
1322,20.0910963,-98.7623874
1323,17.979522,-66.1103164
1324,20.0910963,-98.7623874
1325,41.2841687,-72.8684565
1326,20.0910963,-98.7623874
1327,43.9747838,-75.9107565
1328,39.9611755,-82.9987942
1329,19.6534944,-98.544918
1330,43.8041334,-120.5542012
1331,44.2311717,-76.4859544
1332,45.4215296,-75.6971931
1333,43.1447663,-79.368746
1334,43.653226,-79.3831843
1335,52.4031805,-123.4553619
1336,39.7392358,-104.990251
1337,41.2524538,-73.9318659
1338,18.3563169,-66.0033838
1339,42.3600825,-71.0588801
1340,10.4805937,-66.9036063
1341,31.9685988,-99.9018131
1342,37.9060368,-122.5449763
1343,39.768403,-86.158068
1344,39.9525839,-75.1652215
1345,19.0414398,-98.2062727
1346,42.3600825,-71.0588801
1347,39.0839973,-77.1527578
1348,47.7510741,-120.7401385
1349,38.3498195,-81.6326234
1350,21.8852562,-102.2915677
1351,35.7444602,-109.0764828
1352,38.3498195,-81.6326234
1353,43.7844397,-88.7878678
1354,42.4733688,-83.2218731
1355,38.3498195,-81.6326234
1356,43.653226,-79.3831843
1357,33.7489954,-84.3879824
1358,38.9071923,-77.0368707
1359,43.653226,-79.3831843
1360,4.5350004,-75.6756888
1361,35.7595731,-79.0192997
1362,40.7607793,-111.8910474
1363,42.3600825,-71.0588801
1364,40.9012101,-74.5143232
1365,33.7489954,-84.3879824
1366,45.4215296,-75.6971931
1367,38.9071923,-77.0368707
1368,27.7676008,-82.6402915
1369,33.952602,-84.5499327
1370,27.6648274,-81.5157535
1371,38.9071923,-77.0368707
1372,35.9131996,-79.0558445
1373,42.0324025,-87.7416246
1374,17.0731842,-96.7265889
1375,39.1031182,-84.5120196
1376,44.977753,-93.2650108
1377,39.8422093,-75.1969346
1378,39.8422093,-75.1969346
1379,21.161908,-86.8515279
1380,18.4655394,-66.1057355
1381,41.2375569,-80.8184166
1382,43.7844397,-88.7878678
1383,44.6487635,-63.5752387
1384,43.1759107,-72.0967507
1385,51.253775,-85.323214
1386,41.3850639,2.1734035
1387,43.653226,-79.3831843
1388,19.1222634,-104.0072348
1389,19.318154,-98.2374954
1390,40.8652865,-74.4173877
1391,21.161908,-86.8515279
1392,43.653226,-79.3831843
1393,45.4215296,-75.6971931
1394,41.49932,-81.6943605
1395,39.0457549,-76.6412712
1396,40.5695474,-74.6329363
1397,44.977753,-93.2650108
1398,40.0466571,-76.1783739
1399,30.627977,-96.3344068
1400,18.931225,-90.2618068
1401,26.9342246,-80.0942087
1402,26.9342246,-80.0942087
1403,34.8526176,-82.3940104
1404,40.0466571,-76.1783739
1405,26.1275862,-80.2331036
1406,38.9071923,-77.0368707
1407,42.4184296,-71.1061639
1408,39.7392358,-104.990251
1409,42.3600825,-71.0588801
1410,43.2557206,-79.8711024
1411,43.653226,-79.3831843
1412,43.653226,-79.3831843
1413,35.20105,-91.8318334
1414,43.653226,-79.3831843
1415,34.1954331,-79.7625625
1416,40.1798165,-76.1788391
1417,43.3700007,-80.9822286
1418,48.4758208,-81.3304953
1419,39.7392358,-104.990251
1420,36.1626638,-86.7816016
1421,39.2903848,-76.6121893
1422,40.7127753,-74.0059728
1423,44.766667,-79.333333
1424,44.0121221,-92.4801989
1425,4.7109886,-74.072092
1426,42.6525793,-73.7562317
1427,45.6226605,-61.9928026
1428,38.8816208,-77.0909809
1429,48.856614,2.3522219
1430,-43.5320544,172.6362254
1431,42.3600825,-71.0588801
1432,42.3736158,-71.1097335
1433,59.3293235,18.0685808
1434,42.3600825,-71.0588801
1435,46.3089891,-124.0432099
1436,42.3736158,-71.1097335
1437,-34.9284989,138.6007456
1438,39.1836082,-96.5716694
1439,45.2500909,-74.1330862
1440,36.6777372,-121.6555013
1441,33.9462125,-84.3346473
1442,34.0489281,-111.0937311
1443,39.7392358,-104.990251
1444,43.653226,-79.3831843
1445,40.7607793,-111.8910474
1446,41.1014451,-81.441779
1447,-6.2023936,106.6527099
1448,49.895136,-97.1383744
1449,27.6648274,-81.5157535
1450,43.8384117,-79.0867579
1451,47.9128756,-122.0981847
1452,35.5174913,-86.5804473
1453,43.8975446,-78.9429329
1454,32.7092955,-96.0083018
1455,44.3148443,-85.6023643
1456,40.6918913,-73.9874872
1457,36.8689554,-94.367996
1458,43.1435564,-93.3788108
1459,44.2311717,-76.4859544
1460,47.7510741,-120.7401385
1461,40.1853352,-105.1035581
1462,18.433005,-66.4758583
1463,43.8561002,-79.3370188
1464,39.0066993,-77.4291298
1465,51.253775,-85.323214
1466,21.161908,-86.8515279
1467,19.4326077,-99.133208
1468,42.331427,-83.0457538
1469,41.8500302,-87.9645077
1470,39.0398315,-76.9930319
1471,38.9071923,-77.0368707
1472,38.8386738,-84.8268925
1473,20.6596988,-103.3496092
1474,20.6596988,-103.3496092
1475,43.653226,-79.3831843
1476,43.0895577,-79.0849436
1477,39.0839973,-77.1527578
1478,41.308274,-72.9278835
1479,8.5913073,-63.9586111
1480,35.4993031,-80.8486846
1481,38.5736176,-97.6744838
1482,34.0686208,-117.9389526
1483,38.9071923,-77.0368707
1484,37.9642529,-91.8318334
1485,38.9071923,-77.0368707
1486,51.253775,-85.323214
1487,18.4655394,-66.1057355
1488,41.1099473,14.8475139
1489,44.3893556,-79.6903316
1490,30.1644657,-91.9876419
1491,38.9906657,-77.026088
1492,38.9071923,-77.0368707
1493,39.7392358,-104.990251
1494,40.7234542,-95.0431997
1495,19.0414398,-98.2062727
1496,39.4352789,-77.4291005
1497,19.4326077,-99.133208
1498,40.719283,-73.955995
1499,41.2523634,-95.9979883
1500,5.7348119,0.0302354
1501,44.9537029,-93.0899578
1502,37.2089572,-93.2922989
1503,42.3600825,-71.0588801
1504,41.2523634,-95.9979883
1505,43.7844397,-88.7878678
1506,41.8781136,-87.6297982
1507,41.8781136,-87.6297982
1508,38.984652,-77.0947092
1509,40.6519679,-75.5742467
1510,35.1427533,-120.6412827
1511,30.9842977,-91.9623327
1512,38.9906657,-77.026088
1513,36.8529263,-75.977985
1514,33.7489954,-84.3879824
1515,20.6596988,-103.3496092
1516,38.9906657,-77.026088
1517,43.653226,-79.3831843
1518,33.1506744,-96.8236116
1519,18.4655394,-66.1057355
1520,39.9611755,-82.9987942
1521,38.8212889,-121.1930041
1522,38.9906657,-77.026088
1523,50.768035,0.290472
1524,19.4326077,-99.133208
1525,39.7392358,-104.990251
1526,44.8831125,-68.6719411
1527,-2.1709979,-79.9223592
1528,19.4326077,-99.133208
1529,39.8422093,-75.1969346
1530,37.7749295,-122.4194155
1531,39.7606013,-86.5263879
1532,40.4172871,-82.907123
1533,37.9642529,-91.8318334
1534,30.4382559,-84.2807329
1535,45.4215296,-75.6971931
1536,34.8526176,-82.3940104
1537,40.7859331,-74.7801645
1538,38.9071923,-77.0368707
1539,38.9071923,-77.0368707
1540,38.9071923,-77.0368707
1541,18.0110768,-66.6140616
1542,51.5070995,-0.1477681
1543,37.8271784,-122.2913078
1544,41.308274,-72.9278835
1545,38.6270025,-90.1994042
1546,40.7127753,-74.0059728
1547,28.5383355,-81.3792365
1548,40.1028264,-84.6330115
1549,40.7127753,-74.0059728
1550,40.7127753,-74.0059728
1551,32.9445682,-87.1386067
1552,33.7489954,-84.3879824
1553,41.8239891,-71.4128343
1554,37.2089572,-93.2922989
1555,34.5199402,-105.8700901
1556,45.4215296,-75.6971931
1557,10.5002633,-66.8850627
1558,44.5130038,-79.8744836
1559,35.7595731,-79.0192997
1560,39.9611755,-82.9987942
1561,42.3736158,-71.1097335
1562,38.9071923,-77.0368707
1563,39.445723,-123.8052935
1564,43.610769,3.876716
1565,21.1227621,-101.677883
1566,46.5653163,-66.4619164
1567,33.8648262,-84.4643744
1568,40.6781784,-73.9441579
1569,19.4326077,-99.133208
1570,32.7764749,-79.9310512
1571,31.9685988,-99.9018131
1572,40.4406248,-79.9958864
1573,25.0700428,67.2847875
1574,40.7127753,-74.0059728
1575,55.403756,10.40237
1576,57.0488195,9.921747
1577,39.7589478,-84.1916069
1578,33.7489954,-84.3879824
1579,20.0910963,-98.7623874
1580,35.4675602,-97.5164276
1581,41.8781136,-87.6297982
1582,34.1209292,-93.0537839
1583,41.5532208,-70.6085886
1584,39.9611755,-82.9987942
1585,40.3572976,-74.6672226
1586,35.5174913,-86.5804473
1587,17.0731842,-96.7265889
1588,40.7127753,-74.0059728
1589,18.1747989,-93.070142
1590,37.8271784,-122.2913078
1591,-6.792354,39.2083284
1592,39.9525839,-75.1652215
1593,38.9955067,-110.1623529
1594,20.1010608,-98.7591311
1595,38.9071923,-77.0368707
1596,41.8781136,-87.6297982
1597,40.4406248,-79.9958864
1598,41.8781136,-87.6297982
1599,42.3736158,-71.1097335
1600,44.977753,-93.2650108
1601,38.7849211,-76.8720961
1602,42.3600825,-71.0588801
1603,33.1506744,-96.8236116
1604,39.8406628,-77.5425986
1605,38.2526647,-85.7584557
1606,40.6331249,-89.3985283
1607,41.8781136,-87.6297982
1608,8.0882791,-63.5535552
1609,34.0900091,-117.8903397
1610,35.4675602,-97.5164276
1611,45.4215296,-75.6971931
1612,19.4326077,-99.133208
1613,40.2502582,-103.7999509
1614,40.7127753,-74.0059728
1615,40.7127753,-74.0059728
1616,38.677269,-87.5286325
1617,33.7489954,-84.3879824
1618,32.1656221,-82.9000751
1619,39.1434406,-77.2013705
1620,44.9537029,-93.0899578
1621,30.2979843,-97.8019515
1622,46.8796822,-110.3625658
1623,44.3148443,-85.6023643
1624,38.9071923,-77.0368707
1625,28.5383355,-81.3792365
1626,38.9071923,-77.0368707
1627,36.9741171,-122.0307963
1628,19.4326077,-99.133208
1629,33.836081,-81.1637245
1630,38.9071923,-77.0368707
1631,40.7127753,-74.0059728
1632,31.9685988,-99.9018131
1633,42.6334247,-71.3161718
1634,42.1292241,-80.085059
1635,41.8781136,-87.6297982
1636,38.8813958,-94.8191285
1637,43.8041334,-120.5542012
1638,18.220833,-66.590149
1639,34.3387802,-78.7030721
1640,40.7127753,-74.0059728
1641,20.1010608,-98.7591311
1642,47.4741829,-0.635502
1643,36.778261,-119.4179324
1644,32.6400541,-117.0841955
1645,64.8377778,-147.7163888
1646,40.7933949,-77.8600012
1647,25.6866142,-100.3161126
1648,35.714259,-83.5101638
1649,39.9525839,-75.1652215
1650,39.0997265,-94.5785667
1651,47.6587802,-117.4260465
1652,33.4483771,-112.0740373
1653,42.7006303,-74.924321
1654,43.0008093,-78.7889697
1655,39.9625984,-76.727745
1656,41.6005448,-93.6091064
1657,34.2381251,-118.530123
1658,32.3182314,-86.902298
1659,33.7700504,-118.1937395
1660,39.7392358,-104.990251
1661,39.1145558,-76.9795532
1662,40.6668916,-111.8879909
1663,5.13151,-1.2794744
1664,38.5779555,-122.9888319
1665,33.6446621,-117.8370968
1666,41.6488226,-0.8890853
1667,41.931696,-87.9889556
1668,51.6465,0.614665
1669,18.0110768,-66.6140616
1670,18.8126047,-98.9548261
1671,42.0853204,-83.6824384
1672,41.2033216,-77.1945247
1673,-41.1555281,175.6075114
1674,38.9906657,-77.026088
1675,33.7489954,-84.3879824
1676,32.0835407,-81.0998342
1677,33.4941704,-111.9260519
1678,44.7893446,-93.6018389
1679,37.0870821,-76.4730122
1680,36.778261,-119.4179324
1681,38.8462236,-77.3063733
1682,29.7604267,-95.3698028
1683,39.7392358,-104.990251
1684,39.0911161,-94.4155068
1685,41.2459149,-75.8813075
1686,42.3016305,-71.067605
1687,44.977753,-93.2650108
1688,51.5073509,-0.1277583
1689,38.5815719,-121.4943996
1690,52.0907374,5.1214201
1691,41.8781136,-87.6297982
1692,19.4326077,-99.133208
1693,35.2270869,-80.8431267
1694,44.3893556,-79.6903316
1695,40.4406248,-79.9958864
1696,26.1224386,-80.1373174
1697,40.7127753,-74.0059728
1698,19.5429151,-155.6658568
1699,38.7892801,-77.1872036
1700,35.1495343,-90.0489801
1701,43.4897584,-71.5822837
1702,36.778261,-119.4179324
1703,18.9242095,-99.2215659
1704,43.0730517,-89.4012302
1705,43.7844397,-88.7878678
1706,41.8781136,-87.6297982
1707,43.0389025,-87.9064736
1708,40.5939636,-74.6049061
1709,33.7489954,-84.3879824
1710,44.3893556,-79.6903316
1711,41.6032207,-73.087749
1712,43.653226,-79.3831843
1713,42.0307812,-93.6319131
1714,32.9091718,-105.9478286
1715,18.9242095,-99.2215659
1716,39.9611755,-82.9987942
1717,39.9611755,-82.9987942
1718,39.9567548,-86.01335
1719,45.4215296,-75.6971931
1720,18.9242095,-99.2215659
1721,40.7607793,-111.8910474
1722,20.0708947,-98.6960424
1723,38.2526647,-85.7584557
1724,33.7489954,-84.3879824
1725,41.1595005,-81.4403898
1726,39.9525839,-75.1652215
1727,18.6813049,-99.1013498
1728,14.9055599,-92.2634206
1729,40.7127753,-74.0059728
1730,44.2619309,-88.4153847
1731,43.8243118,-79.3462036
1732,41.6528052,-83.5378674
1733,18.9242095,-99.2215659
1734,39.8422093,-75.1969346
1735,19.4356338,-99.1495107
1736,38.9716689,-95.2352501
1737,39.0839973,-77.1527578
1738,43.7844397,-88.7878678
1739,19.0427623,-98.1974324
1740,41.8781136,-87.6297982
1741,39.0997265,-94.5785667
1742,43.8791358,-90.1654067
1743,38.984652,-77.0947092
1744,18.6813049,-99.1013498
1745,19.0732236,72.9086129
1746,59.3293235,18.0685808
1747,38.8816208,-77.0909809
1748,33.7489954,-84.3879824
1749,53.7608608,-98.8138762
1750,40.7830603,-73.9712488
1751,20.0708947,-98.6960424
1752,38.9536174,-94.7335709
1753,17.989456,-92.9475061
1754,42.3600825,-71.0588801
1755,18.7857154,98.9847547
1756,20.1010608,-98.7591311
1757,20.1010608,-98.7591311
1758,44.422498,-81.4035059
1759,19.0414398,-98.2062727
1760,39.0997265,-94.5785667
1761,43.5448048,-80.2481666
1762,18.1551337,-65.8203943
1763,41.6005448,-93.6091064
1764,31.9685988,-99.9018131
1765,36.1626638,-86.7816016
1766,7.8890971,-72.4966896
1767,40.6781784,-73.9441579
1768,25.7616798,-80.1917902
1769,37.3382082,-121.8863286
1770,40.7127753,-74.0059728
1771,38.9071923,-77.0368707
1772,40.0583238,-74.4056612
1773,40.7127753,-74.0059728
1774,42.8864468,-78.8783689
1775,42.6960659,-82.7994194
1776,20.6719563,-103.416501
1777,32.4609764,-84.9877094
1778,10.9970723,-63.9113296
1779,40.6953437,-80.3047846
1780,39.8289369,-84.8902382
1781,40.6747887,-79.9895022
1782,52.205337,0.121817
1783,43.661471,-70.2553259
1784,43.7844397,-88.7878678
1785,45.253783,-69.4454689
1786,4.7109886,-74.072092
1787,4.7109886,-74.072092
1788,17.989456,-92.9475061
1789,19.0414398,-98.2062727
1790,42.4072107,-71.3824374
1791,41.6032207,-73.087749
1792,33.7748275,-84.2963123
1793,41.2392227,-81.3459405
1794,46.8796822,-110.3625658
1795,29.7604267,-95.3698028
1796,35.9798734,-78.5097228
1797,37.2089572,-93.2922989
1798,41.308274,-72.9278835
1799,28.0836269,-80.6081089
1800,51.5073509,-0.1277583
1801,34.0522342,-118.2436849
1802,26.1224386,-80.1373174
1803,37.2232316,-81.4498717
1804,27.6648274,-81.5157535
1805,33.6594835,-117.9988026
1806,39.3209801,-111.0937311
1807,42.7875235,-86.1089301
1808,27.7428134,-82.7504542
1809,31.9685988,-99.9018131
1810,38.9822282,-94.6707917
1811,41.8781136,-87.6297982
1812,51.0486151,-114.0708459
1813,38.9071923,-77.0368707
1814,47.6062095,-122.3320708
1815,44.4488805,-88.0603806
1816,44.9537029,-93.0899578
1817,40.2731911,-76.8867008
1818,37.7749295,-122.4194155
1819,38.8791783,-99.3267702
1820,33.4483771,-112.0740373
1821,41.8781136,-87.6297982
1822,39.0457549,-76.6412712
1823,38.8026097,-116.419389
1824,40.9172208,-96.5272313
1825,35.1495343,-90.0489801
1826,34.2163937,-119.0376023
1827,27.8428025,-82.6995443
1828,44.3148443,-85.6023643
1829,46.8138783,-71.2079809
1830,38.8467082,-91.9479586
1831,51.253775,-85.323214
1832,38.0405837,-84.5037164
1833,44.3148443,-85.6023643
1834,43.661471,-70.2553259
1835,47.6062095,-122.3320708
1836,17.0542297,-96.7132304
1837,35.9940329,-78.898619
1838,33.6594835,-117.9988026
1839,43.0481221,-76.1474244
1840,44.7630567,-85.6206317
1841,31.9685988,-99.9018131
1842,27.2730492,-80.3582261
1843,53.544389,-113.4909267
1844,31.9685988,-99.9018131
1845,35.5174913,-86.5804473
1846,43.9695148,-99.9018131
1847,40.4406248,-79.9958864
1848,26.1275862,-80.2331036
1849,34.728002,-99.8412125
1850,44.9374831,-93.2009998
1851,42.2917069,-85.5872286
1852,44.9374831,-93.2009998
1853,19.4326077,-99.133208
1854,33.4483771,-112.0740373
1855,38.9071923,-77.0368707
1856,39.1434406,-77.2013705
1857,40.0466571,-76.1783739
1858,42.4999942,-96.4003069
1859,35.7795897,-78.6381787
1860,39.2903848,-76.6121893
1861,38.9071923,-77.0368707
1862,38.9071923,-77.0368707
1863,10.349223,-67.0345443
1864,41.2523634,-95.9979883
1865,28.5383355,-81.3792365
1866,37.8393332,-84.2700179
1867,32.3182314,-86.902298
1868,36.778261,-119.4179324
1869,40.7127753,-74.0059728
1870,41.5933696,-87.3464271
1871,33.7489954,-84.3879824
1872,44.3148443,-85.6023643
1873,39.011902,-98.4842465
1874,35.5174913,-86.5804473
1875,38.9071923,-77.0368707
1876,44.9635738,-93.847189
1877,55.953252,-3.188267
1878,44.3148443,-85.6023643
1879,43.7764258,-79.2317521
1880,42.9011711,-78.2566834
1881,43.2557206,-79.8711024
1882,40.4172871,-82.907123
1883,19.318154,-98.2374954
1884,61.2180556,-149.9002778
1885,40.7556561,-73.5876273
1886,35.0077519,-97.092877
1887,52.3555177,-1.1743197
1888,51.253775,-85.323214
1889,44.0324787,-70.9731602
1890,35.7595731,-79.0192997
1891,32.1656221,-82.9000751
1892,35.9606384,-83.9207392
1893,38.9071923,-77.0368707
1894,19.4356338,-99.1495107
1895,18.4655394,-66.1057355
1896,18.220833,-66.590149
1897,39.7392358,-104.990251
1898,18.4655394,-66.1057355
1899,35.9131996,-79.0558445
1900,43.5890452,-79.6441198
1901,40.7127753,-74.0059728
1902,18.3615548,-66.1110682
1903,42.3600825,-71.0588801
1904,42.3600825,-71.0588801
1905,45.4215296,-75.6971931
1906,37.5407246,-77.4360481
1907,43.5448048,-80.2481666
1908,39.9611755,-82.9987942
1909,27.6648274,-81.5157535
1910,19.0414398,-98.2062727
1911,3.4516467,-76.5319854
1912,40.0583238,-74.4056612
1913,38.9071923,-77.0368707
1914,38.423734,27.142826
1915,18.1551337,-65.8203943
1916,18.433005,-66.4758583
